--
-- Estructura de tabla para la tabla 'cargo'
--
DROP TABLE IF EXISTS cargo;
CREATE TABLE IF NOT EXISTS cargo (
  codCargo int(11) NOT NULL DEFAULT 0,
  descCargo varchar(255) DEFAULT NULL,
  PRIMARY KEY (codCargo)
);
INSERT INTO cargo VALUES
(1,'PROGRAMMER I'),
(2,'PROGRAMMER II'),
(3,'PROGRAMMER III'),
(4,'PROGRAMMER CHIEF'),
(5,'MANAGER');


--
-- Estructura de tabla para la tabla 'empleado'
--
DROP TABLE IF EXISTS empleado;
CREATE TABLE IF NOT EXISTS empleado (
  idEmp varchar(10) NOT NULL DEFAULT '',
  sexo varchar(255) DEFAULT NULL,
  fnac date DEFAULT NULL,
  nombres varchar(255) DEFAULT NULL,
  apellidos varchar(255) DEFAULT NULL,
  pnac int(11) DEFAULT NULL,
  PRIMARY KEY (idEmp)
);
INSERT INTO empleado VALUES
('2000', 'M', '1998-06-25', 'Gayler Gabriello', 'Abbatt Grossier', 39),
('2001', 'M', '1970-07-24', 'Nilson Solly', 'Abbe Geary', 36),
('2002', 'M', '1990-11-18', 'Nat Myer', 'Abdie Van Halen', 38),
('2003', 'F', '1992-07-27', 'Caritta Kyla', 'Abelov Pattenden', 48),
('2004', 'M', '1998-02-18', 'Bartlett Pattie', 'Abethell Dearl', 22),
('2005', 'F', '1971-01-29', 'Flossy Leshia', 'Abrahamsson MacNab', 10),
('2006', 'M', '1996-07-13', 'Byrom Haze', 'Abrahm Thackham', 51),
('2007', 'M', '1976-06-07', 'Dall Montgomery', 'Abramchik Dobrovsky', 29),
('2008', 'M', '1997-07-29', 'Hartwell Bren', 'Abramino Broadfield', 69),
('2009', 'F', '1994-03-20', 'Aleda Trula', 'Abramow Alesi', 69),
('2010', 'F', '1997-03-17', 'Dorolisa Constantine', 'Abrehart Feltoe', 40),
('2011', 'F', '2003-11-20', 'Murielle Lillis', 'Acarson Bumpus', 12),
('2012', 'F', '1970-07-24', 'Ashien Myrna', 'Ackerman Lawie', 68),
('2013', 'F', '1979-04-05', 'Madella Bernette', 'Ackwood Macguire', 73),
('2014', 'F', '1988-04-14', 'Lianne Lita', 'Adamides Mazonowicz', 21),
('2015', 'M', '1977-01-03', 'Aharon Mano', 'Adamiec Stokoe', 57),
('2016', 'M', '1994-08-12', 'Sidney Leland', 'Adamo Rodders', 17),
('2017', 'F', '1979-09-12', 'Blinni Josselyn', 'Adanet Lavrick', 66),
('2018', 'F', '1980-03-23', 'Shelley Suzanna', 'Adcocks Eisig', 46),
('2019', 'M', '1996-06-16', 'Taite Sibyl', 'Addey Cansdale', 45),
('2020', 'F', '1992-08-22', 'Letty Kathe', 'Adenet Bleby', 23),
('2021', 'F', '1995-08-10', 'Rosalynd Carleen', 'Adhams Burbage', 56),
('2022', 'M', '1977-08-31', 'Mose Ingelbert', 'Adhams Skures', 59),
('2023', 'F', '1999-08-13', 'Camellia Gweneth', 'Adlington Georgot', 37),
('2024', 'F', '1990-02-08', 'Valma Alicea', 'Agronski Mullett', 10),
('2025', 'M', '1972-02-24', 'Josh Hartley', 'Ahearne Fratczak', 11),
('2026', 'F', '1974-07-14', 'Krista Bette', 'Ahlin Ellard', 38),
('2027', 'M', '1991-11-03', 'Quincey Leo', 'Ahmad Zorzi', 58),
('2028', 'F', '1988-08-12', 'Lilias Deana', 'Aidler Bottell', 13),
('2029', 'F', '1980-08-27', 'Zandra Lora', 'Ainge Ricco', 13),
('2030', 'M', '1971-05-21', 'Antin Cammy', 'Ainley Oxenden', 73),
('2031', 'F', '1980-08-28', 'Belia Tammara', 'Ainsley Collin', 24),
('2032', 'F', '2005-03-15', 'Ninetta Izabel', 'Ainsworth Gerritzen', 29),
('2033', 'F', '1993-04-21', 'Georgiana Susannah', 'Aireton Gilchriest', 30),
('2034', 'M', '1993-09-09', 'Laughton Aldon', 'Aitkenhead Gendrich', 71),
('2035', 'F', '1983-02-06', 'Elene Oralia', 'Alban Fusedale', 32),
('2036', 'F', '2000-07-23', 'Camella Jenifer', 'Albany Zambonini', 21),
('2037', 'F', '1975-01-06', 'Malinda Dedie', 'Albiston Liell', 71),
('2038', 'M', '1992-09-01', 'Patric Riordan', 'Aldham Ferry', 46),
('2039', 'F', '1983-11-02', 'Aliza Florina', 'Aleksankin Grogor', 71),
('2040', 'F', '2003-06-15', 'Audry L', 'urette', 57),
('2041', 'F', '1981-08-28', 'Kiah Rey', 'Alison Cowherd', 33),
('2042', 'M', '1972-08-29', 'Weider Maximilianus', 'Allberry McKevitt', 53),
('2043', 'F', '1990-11-19', 'Delinda Bonny', 'Allbones Hembrow', 21),
('2044', 'M', '1976-07-16', 'Bryn Virgil', 'Allden Deftie', 28),
('2045', 'F', '1999-09-03', 'Adda Shandeigh', 'Allderidge Wayne', 68),
('2046', 'F', '1992-03-31', 'Paule Edwina', 'Alldre Flippini', 32),
('2047', 'F', '1978-12-25', 'Alfy Viola', 'Allitt Leggat', 15),
('2048', 'F', '1982-01-11', 'Xenia Marabel', 'Alvis Bedinn', 76),
('2049', 'M', '1988-09-05', 'Remington Adolph', 'Alwin Wreight', 74),
('2050', 'F', '1976-02-10', 'Merl Shawnee', 'Ambler Searsby', 38),
('2051', 'F', '1991-07-02', 'Ami Melamie', 'Amerighi Scarasbrick', 80),
('2052', 'F', '1995-01-30', 'Dulsea Sherline', 'Amiss Tetford', 16),
('2053', 'M', '2005-03-15', 'Heindrick Jard', 'Amps Mabon', 58),
('2054', 'F', '1995-06-21', 'Merle Rania', 'Anderbrugge Hellin', 13),
('2055', 'M', '1986-11-25', 'Gaby Tanney', 'Andersson Claxson', 57),
('2056', 'M', '1994-04-03', 'Konrad Cesar', 'Andrag Cockerham', 66),
('2057', 'F', '1994-07-01', 'Flossy Alayne', 'Andrat Hearley', 62),
('2058', 'M', '1990-12-18', 'Mordy Al', 'Andreuzzi Pardon', 10),
('2059', 'M', '1997-04-14', 'Roarke Beck', 'Andrez Cruttenden', 45),
('2060', 'F', '2005-03-15', 'Rois Katharine', 'Andrieu Igoe', 41),
('2061', 'M', '1993-05-08', 'Silas Kristopher', 'Andrioni Cundy', 21),
('2062', 'F', '1971-01-03', 'Natalina Stormy', 'Andrivel Issacoff', 44),
('2063', 'F', '1971-03-21', 'Jacquelynn Lucita', 'Androlli Arnli', 32),
('2064', 'F', '1973-01-05', 'Valerie Sallee', 'Androlli Kelland', 10),
('2065', 'F', '2000-07-22', 'Freda Jacklyn', 'Andrzejczak Tollady', 52),
('2066', 'M', '1970-07-24', 'Byram Stirling', 'Anear Cometson', 22),
('2067', 'F', '1975-08-08', 'Hedy Diann', 'Anglim Lowder', 44),
('2068', 'F', '1978-05-14', 'Lisabeth Natalee', 'Annesley Ballantine', 10),
('2069', 'F', '1994-07-16', 'Alexi Rahel', 'Annon Cufley', 14),
('2070', 'M', '1988-10-23', 'Hallsy Antonius', 'Antcliffe Lines', 33),
('2071', 'F', '1995-02-10', 'Floris Kylen', 'Anthon Nicely', 68),
('2072', 'F', '1973-07-24', 'Kala Rosita', 'Antonoyev Scud', 36),
('2073', 'M', '1997-11-16', 'Hubey Osgood', 'Antrobus Huban', 25),
('2074', 'F', '1985-10-22', 'Danella Johnette', 'Antyshev Durden', 56),
('2075', 'F', '2001-12-29', 'Sissie Brinna', 'Applewhite Giacopini', 58),
('2076', 'F', '1976-12-18', 'Stormi Trixie', 'Arboin Gilberthorpe', 51),
('2077', 'F', '2004-03-13', 'Leila Aubrie', 'Archard Bladon', 18),
('2078', 'M', '1996-01-11', 'Brooke Dewain', 'Archibould Fillis', 35),
('2079', 'F', '2000-12-11', 'Letti Corette', 'Ardling Bulch', 74),
('2080', 'F', '1980-06-30', 'Dacey Ronnie', 'Ardron Bolus', 52),
('2081', 'F', '1974-01-05', 'Allene Karena', 'Arendsen Aksell', 36),
('2082', 'F', '1990-10-31', 'Cecil Venus', 'Arendsen Stoney', 21),
('2083', 'M', '1983-01-03', 'Kale Gregoire', 'Aries Caple', 69),
('2084', 'F', '1974-12-01', 'Juieta Cindie', 'Arlidge Marrian', 74),
('2085', 'F', '1976-05-02', 'Jacquenetta Dagmar', 'Armal Brockhurst', 14),
('2086', 'F', '1970-11-24', 'Kira Gretal', 'Armall Lawrenson', 31),
('2087', 'F', '1994-12-10', 'Eugenia Rosalynd', 'Arminger Gammel', 31),
('2088', 'F', '1994-08-07', 'Rosemarie Gabey', 'Armsden Teasdale-Markie', 41),
('2089', 'F', '1994-07-11', 'Jilleen Deina', 'Arnaudot Mowling', 67),
('2090', 'M', '2005-07-13', 'Chick Hayward', 'Arnaudot Sinclar', 45),
('2091', 'F', '1973-05-08', 'Dannie Avril', 'Arnauduc Semechik', 59),
('2092', 'F', '1977-05-14', 'Teena Janka', 'Arnholtz Kohneke', 59),
('2093', 'F', '1999-06-19', 'Salaidh Gennie', 'Arnli McTavy', 57),
('2094', 'F', '1972-07-20', 'Rhianna Addia', 'Aron Pomfrett', 78),
('2095', 'F', '1981-03-08', 'Desdemona Sophia', 'Aronowitz Audrey', 68),
('2096', 'M', '1995-03-02', 'Hart Granville', 'Arr Sellars', 55),
('2097', 'M', '1984-06-03', 'Eward Tucker', 'Arran Baxandall', 27),
('2098', 'F', '1994-04-13', 'Jocelyne Tootsie', 'Arson Hawksworth', 36),
('2099', 'M', '1971-02-03', 'Bobby Godfree', 'Artinstall Bleier', 10),
('2100', 'F', '2002-09-14', 'Carmelia Rachael', 'Asch Siddons', 63),
('2101', 'M', '1987-10-15', 'Elmo Muhammad', 'Ashbolt Cordey', 57),
('2102', 'F', '2003-12-10', 'Dierdre Martha', 'Ashe Ioannou', 10),
('2103', 'M', '1993-05-30', 'Adamo Ad', 'Ashmore Gidney', 19),
('2104', 'F', '1970-07-24', 'Adina Dorthea', 'Askem Greenleaf', 79),
('2105', 'F', '1991-04-26', 'Ardelis Eddy', 'Askem Willmett', 44),
('2106', 'M', '1995-04-02', 'Gearard Wyndham', 'Askwith Gaynes', 50),
('2107', 'M', '1975-02-01', 'Padgett Elmore', 'Aslett Acome', 49),
('2108', 'F', '1991-01-24', 'Lexi Clara', 'Aslie Eustace', 65),
('2109', 'F', '1991-01-08', 'Kimberli Anthea', 'Aspinell Layhe', 68),
('2110', 'F', '1979-02-25', 'Myrtice Donella', 'Asplen Gascoine', 28),
('2111', 'F', '1990-12-14', 'Ruthanne Kinna', 'Aspling Al Hirsi', 14),
('2112', 'F', '1978-12-02', 'Kala Tedi', 'Astell Robottham', 20),
('2113', 'F', '1991-04-04', 'Florella Roobbie', 'Astle Riditch', 25),
('2114', 'M', '2000-09-05', 'Archibald Miner', 'Atherton Auguste', 68),
('2115', 'M', '1970-09-06', 'Sheffy Zack', 'Atmore Szymanek', 12),
('2116', 'F', '1980-01-01', 'Candide Marleen', 'Attarge Lazonby', 49),
('2117', 'M', '1996-06-09', 'Dan Wolfgang', 'Attwill Freeth', 71),
('2118', 'M', '1992-04-19', 'Patin Earlie', 'Auchterlonie Moehle', 40),
('2119', 'F', '1973-12-29', 'Sharity Nolie', 'Audsley Dyott', 32),
('2120', 'F', '2005-03-15', 'Hephzibah Irina', 'Auguste Sibbet', 79),
('2121', 'F', '1988-02-11', 'Elysia Leda', 'Augustus Hastwall', 27),
('2122', 'F', '1979-12-17', 'Oralia Daffi', 'Auld Ceaser', 71),
('2123', 'F', '1974-07-24', 'Rozanna Ingunna', 'Aulsford Duester', 27),
('2124', 'F', '1993-05-08', 'Lexine Lucky', 'Ault Mc Harg', 69),
('2125', 'F', '1975-07-11', 'Hollie Theresita', 'Avramovsky Goodboddy', 48),
('2126', 'M', '1999-11-04', 'Bat Harper', 'Aylmore Tofanini', 30),
('2127', 'F', '1978-01-02', 'Casie Willette', 'Aylott Binfield', 58),
('2128', 'M', '1989-12-26', 'Dallas Tuckie', 'Ayton Menier', 18),
('2129', 'M', '1972-05-30', 'Lazaro Fredrick', 'Azema McRuvie', 30),
('2130', 'F', '2005-03-15', 'Lea Lucila', 'Babar Pottiphar', 42),
('2131', 'F', '1978-01-24', 'Darby Raynell', 'Bachura Cole', 76),
('2132', 'F', '1993-09-08', 'Agatha Mareah', 'Baddeley Dallison', 34),
('2133', 'F', '1986-01-11', 'Selina Nadia', 'Badder Bouts', 54),
('2134', 'F', '1973-02-20', 'Gabbey Cornela', 'Badland Gallihawk', 51),
('2135', 'M', '2004-03-01', 'Porter Stavros', 'Bailiss ODoogan', 71),
('2136', 'F', '1996-02-13', 'Addie Norry', 'Baines Beazer', 40),
('2137', 'F', '2000-11-09', 'Noelle Eunice', 'Bains McGettrick', 17),
('2138', 'M', '2005-06-26', 'Hastie Nathanil', 'Bakewell Napolitano', 35),
('2139', 'F', '1986-05-11', 'Darelle Diandra', 'Balaisot Canby', 67),
('2140', 'F', '2004-03-31', 'Teresa Alissa', 'Bale Crinkley', 70),
('2141', 'F', '1976-11-02', 'Inge Lacey', 'Balfour Hasely', 72),
('2142', 'F', '1981-11-22', 'Vin Cicely', 'Ballchin Bonsall', 12),
('2143', 'F', '1993-02-15', 'Querida Clarine', 'Ballsdon McKeurton', 54),
('2144', 'F', '1982-09-17', 'Martina Roxy', 'Bamsey Menere', 51),
('2145', 'M', '1993-09-01', 'Keir Diarmid', 'Banthorpe Seegar', 42),
('2146', 'M', '1993-04-07', 'Tam Gardner', 'Baptist Peartree', 32),
('2147', 'M', '2003-11-01', 'Franchot Mordecai', 'Barabich Beausang', 55),
('2148', 'F', '1993-08-31', 'Timmy Atalanta', 'Barber Tookill', 16),
('2149', 'F', '1987-04-30', 'Rakel Wilhelmina', 'Bardell Luggar', 82),
('2150', 'F', '2002-10-26', 'Guglielma Herminia', 'Barefoot Barhem', 40),
('2151', 'F', '1970-07-24', 'Elinore Felice', 'Barefoot Sybbe', 61),
('2152', 'M', '1984-04-17', 'Orrin Dolf', 'Barenski Ralphs', 35),
('2153', 'F', '1997-08-06', 'Kate Brynne', 'Barfitt Burch', 14),
('2154', 'F', '1971-05-19', 'Gwynne Britt', 'Barg Maddocks', 15),
('2155', 'F', '1976-01-30', 'Chery Kylen', 'Barhims Humbie', 23),
('2156', 'M', '1978-10-17', 'Giacopo Sanders', 'Barkway Gothard', 70),
('2157', 'F', '1987-11-30', 'Maggie Claudine', 'Barkworth Ord', 66),
('2158', 'M', '1999-07-30', 'Fabe Putnem', 'Barnaclough Faustian', 46),
('2159', 'M', '1987-10-05', 'Bevan Kareem', 'Barnet Marval', 75),
('2160', 'F', '1987-05-06', 'Meg Ardelis', 'Barnett Kosiada', 45),
('2161', 'F', '1977-12-03', 'Annabal Perry', 'Barnfather Charters', 61),
('2162', 'M', '1980-02-19', 'Rutherford Bald', 'Barnsdale Preston', 39),
('2163', 'M', '1975-09-06', 'Laurens Ian', 'Barnshaw Drinkall', 24),
('2164', 'F', '1989-10-04', 'Lura Dyanna', 'Baroche Greenside', 68),
('2165', 'F', '1998-06-09', 'Clarette Janet', 'Barribal Mockler', 79),
('2166', 'M', '1981-07-10', 'Byrom Chick', 'Barrows Wheldon', 10),
('2167', 'M', '2001-06-08', 'Gan Rafaello', 'Bart Malden', 77),
('2168', 'M', '1986-05-30', 'Duncan Trenton', 'Bartak Albrecht', 64),
('2169', 'F', '1988-05-25', 'Lavena Farand', 'Barth Swine', 18),
('2170', 'F', '1976-12-23', 'Lorena Jandy', 'Barthorpe McKerron', 11),
('2171', 'F', '1984-11-07', 'Nissie Tiphanie', 'Barthrup Hyde', 40),
('2172', 'M', '1981-09-25', 'Jody Murvyn', 'Bartley Tockell', 66),
('2173', 'M', '1974-05-05', 'Ganny Carleton', 'Bartosch Huebner', 30),
('2174', 'F', '1977-01-12', 'Corella Amitie', 'Bartosek Lace', 59),
('2175', 'F', '1979-06-26', 'Shelia Cassondra', 'Barwood Wybern', 48),
('2176', 'M', '1979-04-04', 'Percival Kendall', 'Baselio Juzek', 73),
('2177', 'M', '1974-12-07', 'Jayme Gregorio', 'Basindale Dennes', 13),
('2178', 'F', '2000-08-14', 'Pier Heather', 'Bassano Karpf', 61),
('2179', 'M', '1998-06-21', 'Llywellyn Wendell', 'Bastow Tansley', 53),
('2180', 'F', '2002-01-29', 'Novelia Casie', 'Batalini Hawksworth', 46),
('2181', 'M', '1989-06-27', 'Kinsley Jackie', 'Batchelour McNae', 47),
('2182', 'F', '1986-08-31', 'Agna Phyllys', 'Batha Goncalo', 31),
('2183', 'M', '1983-01-07', 'Carly Gualterio', 'Bathoe Larrington', 44),
('2184', 'M', '1971-03-09', 'Tedman Welbie', 'Battershall Jacquemard', 55),
('2185', 'M', '1985-03-21', 'Lalo Fraser', 'Battershall Vause', 29),
('2186', 'F', '1995-04-28', 'Alverta Blinni', 'Batts Dulieu', 23),
('2187', 'F', '1974-04-28', 'De Ashla', 'Batty Barthot', 46),
('2188', 'F', '2002-10-03', 'Corissa Cherry', 'Battyll Bowbrick', 61),
('2189', 'F', '1980-07-25', 'Cami Alessandra', 'Baudic Briddock', 38),
('2190', 'F', '1975-04-23', 'Sheila Peg', 'Baudinet Scutts', 53),
('2191', 'M', '1993-05-25', 'Jarret Renaldo', 'Baudins Hollows', 47),
('2192', 'M', '1999-01-24', 'Boycey Sergio', 'Baudrey Laight', 63),
('2193', 'F', '1996-01-31', 'Kym Elene', 'Baugham Wortman', 46),
('2194', 'F', '2005-05-14', 'Etta Brandea', 'Baumaier Simonich', 26),
('2195', 'F', '1973-01-30', 'Pat Helena', 'Bavester Lathee', 72),
('2196', 'F', '1981-10-23', 'Janeva Carlie', 'Baxandall Gocher', 21),
('2197', 'M', '1982-06-15', 'Vincenty Ralf', 'Bayman Liffey', 58),
('2198', 'F', '1970-09-23', 'Claudetta Margaretha', 'Bayman Reddyhoff', 32),
('2199', 'M', '1977-05-06', 'Travers Maxim', 'Beade Cuskery', 37),
('2200', 'F', '2002-07-05', 'Angelia Karine', 'Beadel Erik', 79),
('2201', 'M', '1998-10-15', 'Langston Kristoffer', 'Beane Perse', 46),
('2202', 'F', '2003-07-21', 'Pammi Eydie', 'Beardon Axten', 51),
('2203', 'F', '1974-12-02', 'Kitti Adriana', 'Beardon Glidden', 40),
('2204', 'F', '1991-08-17', 'Devinne Nan', 'Beare Cawson', 53),
('2205', 'F', '2005-05-23', 'Dulci Odille', 'Bearfoot Appleford', 16),
('2206', 'F', '1995-07-14', 'Mala Eadith', 'Beaten Youthed', 25),
('2207', 'F', '1991-03-17', 'Darb Philly', 'Beazey McLeese', 70),
('2208', 'F', '1992-04-06', 'Jewelle Catrina', 'Beckensall Golborne', 13),
('2209', 'M', '1988-10-11', 'Nye Bronnie', 'Beckerleg Viveash', 12),
('2210', 'F', '1988-07-31', 'Maurise Arline', 'Bedbury Axton', 80),
('2211', 'F', '1983-05-05', 'Kerry Rozina', 'Bedding Abbatucci', 79),
('2212', 'F', '1995-04-08', 'Carlota Binny', 'Beddo OBoyle', 67),
('2213', 'F', '1978-02-11', 'Wendy Thomasina', 'Beddon Kenwrick', 40),
('2214', 'F', '1972-06-16', 'Arly Noellyn', 'Bedlington Grinstead', 13),
('2215', 'M', '2004-02-13', 'Roley Ingemar', 'Bee Jerosch', 55),
('2216', 'M', '1996-08-24', 'Raimondo Archaimbaud', 'Beeble Sempill', 65),
('2217', 'F', '1986-01-19', 'Arabella Bridget', 'Beecheno Catherine', 71),
('2218', 'F', '1979-02-14', 'Fidela Jeniece', 'Beere Bulstrode', 22),
('2219', 'F', '1983-01-17', 'Sadye Ina', 'Bees Emmett', 23),
('2220', 'M', '1970-10-09', 'Ivar Cristian', 'Beetles Marshman', 43),
('2221', 'F', '1983-11-18', 'Maggie Danni', 'Begent Johanning', 38),
('2222', 'M', '1972-04-20', 'Demott Edgardo', 'Beggin Adamik', 50),
('2223', 'M', '1982-07-20', 'Edmund Ramsay', 'Beharrell Frith', 46),
('2224', 'M', '1990-09-18', 'Skye Rafael', 'Behne Leddy', 71),
('2225', 'F', '1985-09-04', 'Ivonne Selinda', 'Behnecke Dowthwaite', 58),
('2226', 'F', '1993-04-30', 'Ingeborg Roxane', 'Bellay Heister', 77),
('2227', 'F', '1984-07-10', 'Zora Janaya', 'Belsher Gaudon', 74),
('2228', 'F', '1973-12-13', 'Aurlie Magdaia', 'Belz Blamphin', 37),
('2229', 'M', '2000-01-23', 'Prince Walden', 'Ben Dilon', 65),
('2230', 'F', '1990-10-29', 'Rhodia Adriena', 'Benbow Kiddle', 46),
('2231', 'M', '1988-05-24', 'Elvyn Curt', 'Benbrick Labon', 25),
('2232', 'M', '2005-12-16', 'Earl Arte', 'Bendle Karoly', 13),
('2233', 'F', '1990-10-03', 'Reeba Gwendolen', 'Benesevich Larmuth', 29),
('2234', 'F', '1970-07-30', 'Nadeen Fey', 'Benettini Bresman', 82),
('2235', 'F', '2001-06-05', 'Myrlene Demetria', 'Benne Persich', 68),
('2236', 'M', '2003-10-16', 'Yves Zeke', 'Benns Pond', 31),
('2237', 'F', '2003-01-16', 'Cosette Eada', 'Bente Liger', 30),
('2238', 'F', '1983-02-27', 'Andi Jennie', 'Bento Bevington', 55),
('2239', 'F', '1979-09-27', 'Carena Bernette', 'Benz Stampe', 46),
('2240', 'M', '1972-03-29', 'Hew Rodolfo', 'Benzing Whannel', 17),
('2241', 'M', '1971-05-22', 'Andy Axel', 'Bergstrand Strain', 38),
('2242', 'M', '1982-08-16', 'Joe Burg', 'Beric Bartelli', 17),
('2243', 'F', '2004-10-28', 'Iolande Valida', 'Bernat Widdison', 58),
('2244', 'F', '2002-01-05', 'Essa Jandy', 'Bernhart Belderfield', 79),
('2245', 'F', '1978-04-25', 'Zuzana Anderea', 'Berrington Partner', 60),
('2246', 'M', '1988-09-04', 'Terencio Benton', 'Berry Ogles', 58),
('2247', 'F', '1992-03-13', 'Deeann Adrianna', 'Berrycloth Malitrott', 20),
('2248', 'F', '2005-08-04', 'Clarey Callida', 'Bertelmot Pessold', 67),
('2249', 'F', '1997-02-21', 'Danita Imojean', 'Beswell Wadge', 67),
('2250', 'M', '1995-08-08', 'Rickie Harley', 'Beswick MacCallester', 12),
('2251', 'F', '1995-04-24', 'Gilli Mollie', 'Betje Sigsworth', 28),
('2252', 'M', '1982-03-25', 'Gerek Curcio', 'Betjeman Blades', 16),
('2253', 'F', '1976-07-20', 'Dulcea Valaree', 'Bett Popple', 65),
('2254', 'M', '1984-05-26', 'Hale Zebadiah', 'Betteson O Borne', 39),
('2255', 'F', '1985-04-17', 'Jewelle Sapphira', 'Betun Mallinder', 72),
('2256', 'F', '1974-05-18', 'Katharine Harley', 'Beynkn Free', 71),
('2257', 'F', '1984-07-24', 'Kim Kerstin', 'Biasi Lavarack', 24),
('2258', 'F', '1995-01-12', 'Teriann Andeee', 'Bichard Matheson', 46),
('2259', 'M', '1998-02-23', 'Normand Ferguson', 'Biernacki Casier', 31),
('2260', 'F', '1995-09-21', 'Christye Kasey', 'Bikker Cusack', 45),
('2261', 'F', '1975-05-01', 'Adah Merrie', 'Billett Farington', 26),
('2262', 'M', '1973-06-04', 'Timofei Gaultiero', 'Bimson Simmonite', 50),
('2263', 'M', '1991-09-21', 'Iorgos Pieter', 'Bindley Slaight', 40),
('2264', 'M', '1995-12-23', 'Dall Heinrik', 'Binner Kell', 10),
('2265', 'M', '1979-05-22', 'Wylie Bernhard', 'Binton Battany', 39),
('2266', 'F', '1992-04-02', 'Hope Patricia', 'Birchall Vinck', 30),
('2267', 'M', '1976-10-17', 'Murray Ulric', 'Birley Brechin', 50),
('2268', 'F', '1987-10-22', 'Kyrstin Lorenza', 'Birtchnell Aylen', 72),
('2269', 'F', '1971-05-19', 'Janaya Perl', 'Birtley Moralas', 70),
('2270', 'F', '1971-07-24', 'Zora Bethina', 'Bisgrove Normanville', 75),
('2271', 'F', '1996-11-14', 'Ellissa Kellia', 'Bissell Hardwin', 50),
('2272', 'M', '2001-05-08', 'Harley Clim', 'Bissett Powney', 12),
('2273', 'F', '1980-09-21', 'Aggy Geralda', 'Bissiker Meininking', 18),
('2274', 'M', '2003-06-28', 'Garreth Shep', 'Bisterfeld Adolf', 18),
('2275', 'M', '1995-09-09', 'Barnard Obediah', 'Blaasch Cant', 65),
('2276', 'F', '1981-12-06', 'Yasmin Kitti', 'Blackadder Danneil', 81),
('2277', 'M', '1992-03-29', 'Donalt Martino', 'Blackaller Kubas', 35),
('2278', 'F', '1989-06-27', 'Doralynne Manda', 'Blackater Swetland', 22),
('2279', 'M', '1970-07-24', 'Virgil Dalis', 'Blackborough Tredger', 12),
('2280', 'F', '1999-05-31', 'Nedi Nara', 'Blackburne Stringfellow', 59),
('2281', 'M', '1996-03-30', 'Burty Way', 'Blackden Nehl', 17),
('2282', 'M', '1972-12-16', 'Mattie Lukas', 'Blacksland Dockerty', 65),
('2283', 'F', '1981-02-12', 'Charla Laurel', 'Blacksland Lerer', 60),
('2284', 'F', '1992-07-22', 'Audry Camala', 'Blackwell Klebes', 53),
('2285', 'F', '1971-01-24', 'Ashlie Naoma', 'Blagbrough Hanwright', 46),
('2286', 'F', '1984-04-04', 'Constancia Bernadette', 'Blaine Newlands', 18),
('2287', 'F', '1973-11-25', 'Isadora Sarita', 'Blakelock Leidl', 53),
('2288', 'F', '1989-06-25', 'Trisha Lorelle', 'Blanchflower Poplee', 61),
('2289', 'F', '1972-12-15', 'Pansie Karissa', 'Blaney Kleint', 18),
('2290', 'F', '1979-12-08', 'Ann Kathlin', 'Blayney ODoherty', 79),
('2291', 'M', '1988-07-06', 'Horace Eugenio', 'Blazey Rubinek', 15),
('2292', 'F', '1978-05-23', 'Sosanna Jodie', 'Blazy Daenen', 43),
('2293', 'F', '1970-11-26', 'Trula Casey', 'Bleckly Lott', 14),
('2294', 'F', '1971-06-16', 'Carol Mommy', 'Bleibaum Ambage', 46),
('2295', 'F', '1999-07-19', 'Milli Danna', 'Blenkinship Gymlett', 82),
('2296', 'F', '1989-04-27', 'Daryn Kris', 'Blevin Redolfi', 71),
('2297', 'M', '1972-04-09', 'Artus Jozef', 'Blincow Pierri', 76),
('2298', 'F', '1974-10-03', 'Yolande Daryn', 'Bloodworth Clementucci', 43),
('2299', 'M', '1988-01-25', 'Esme Ambros', 'Bloxsome Tuhy', 59);


--
-- Estructura de tabla para la tabla 'familiar'
--
DROP TABLE IF EXISTS familiar;
CREATE TABLE IF NOT EXISTS familiar (
  idEmp varchar(10) DEFAULT NULL,
  codParentezco int(11) DEFAULT NULL
);
INSERT INTO familiar VALUES
('2000', 1),
('2000', 2),
('2000', 4),
('2004', 1),
('2004', 1),
('2004', 1),
('2004', 3),
('2004', 4),
('2005', 1),
('2005', 1),
('2005', 1),
('2005', 3),
('2005', 4),
('2007', 2),
('2018', 1),
('2018', 2),
('2018', 3),
('2020', 2),
('2020', 1),
('2020', 1),
('2023', 1),
('2023', 2),
('2023', 1),
('2027', 1),
('2027', 2),
('2027', 2),
('2027', 3),
('2027', 4),
('2028', 2),
('2028', 2),
('2028', 1),
('2028', 3),
('2028', 4),
('2032', 2),
('2032', 1),
('2032', 2),
('2032', 3),
('2032', 4),
('2036', 2),
('2036', 1),
('2036', 1),
('2036', 3),
('2036', 4),
('2041', 2),
('2041', 2),
('2041', 3),
('2043', 2),
('2043', 1),
('2043', 1),
('2043', 3),
('2043', 4),
('2044', 1),
('2044', 1),
('2044', 1),
('2044', 3),
('2044', 4),
('2053', 1),
('2053', 1),
('2053', 1),
('2059', 1),
('2059', 1),
('2059', 1),
('2059', 3),
('2059', 4),
('2070', 1),
('2070', 1),
('2070', 2),
('2070', 3),
('2070', 4),
('2071', 2),
('2071', 1),
('2071', 4),
('2074', 2),
('2074', 1),
('2074', 1),
('2076', 2),
('2076', 1),
('2076', 1),
('2076', 3),
('2076', 4),
('2082', 1),
('2082', 1),
('2082', 3),
('2083', 1),
('2090', 1),
('2090', 2),
('2090', 1),
('2091', 2),
('2091', 2),
('2091', 4),
('2094', 2),
('2094', 1),
('2094', 1),
('2094', 3),
('2094', 4),
('2100', 2),
('2100', 1),
('2100', 2),
('2104', 2),
('2104', 1),
('2104', 1),
('2105', 2),
('2105', 2),
('2105', 2),
('2105', 3),
('2105', 4),
('2107', 1),
('2107', 2),
('2107', 1),
('2111', 1),
('2111', 2),
('2112', 2),
('2112', 1),
('2126', 2),
('2126', 2),
('2126', 3),
('2127', 2),
('2127', 1),
('2127', 1),
('2135', 2),
('2135', 2),
('2135', 4),
('2139', 2),
('2139', 1),
('2139', 2),
('2139', 3),
('2139', 4),
('2144', 2),
('2144', 2),
('2144', 2),
('2145', 2),
('2145', 2),
('2145', 3),
('2151', 1),
('2151', 2),
('2151', 1),
('2152', 1),
('2152', 2),
('2152', 1),
('2153', 2),
('2153', 2),
('2153', 1),
('2153', 3),
('2153', 4),
('2161', 2),
('2161', 1),
('2161', 4),
('2162', 1),
('2162', 1),
('2162', 1),
('2162', 3),
('2162', 4),
('2170', 1),
('2170', 1),
('2170', 4),
('2171', 2),
('2171', 1),
('2171', 4),
('2175', 2),
('2175', 1),
('2175', 2),
('2175', 3),
('2175', 4),
('2180', 1),
('2180', 1),
('2180', 3),
('2184', 2),
('2184', 1),
('2184', 4),
('2185', 1),
('2185', 1),
('2185', 2),
('2185', 3),
('2185', 4),
('2187', 1),
('2187', 2),
('2187', 1),
('2187', 3),
('2187', 4),
('2189', 1),
('2189', 2),
('2189', 2),
('2189', 3),
('2189', 4),
('2199', 1),
('2199', 1),
('2199', 2),
('2199', 3),
('2199', 4),
('2230', 2),
('2230', 1),
('2230', 4),
('2235', 1),
('2235', 1),
('2235', 4),
('2240', 1),
('2240', 2),
('2240', 4);


--
-- Estructura de tabla para la tabla 'gradoacademico'
--
DROP TABLE IF EXISTS gradoacademico;
CREATE TABLE IF NOT EXISTS gradoacademico (
  codGradoAcademico int(11) NOT NULL DEFAULT '0',
  descGradoAcademico varchar(100) DEFAULT NULL,
  PRIMARY KEY (codGradoAcademico)
);
INSERT INTO gradoacademico VALUES
(1, 'KNOW BY EXPERIENCE'),
(2, 'HIGH SCHOOL'),
(3, 'GRADUATE FROM TECHNICAL INSTITUTE'),
(4, 'GRADUATE FROM A TECHNICAL COLLEGE'),
(5, 'GRADUATE FROM A UNIVERSITY'),
(6, 'GRADUATE MASTER'),
(7, 'GRADUATE DOCTOR');


--
-- Estructura de tabla para la tabla 'laboral'
--
DROP TABLE IF EXISTS laboral;
CREATE TABLE IF NOT EXISTS laboral (
  idEmp varchar(10) NOT NULL DEFAULT '',
  codCargo int(11) NOT NULL DEFAULT 0,
  fechaContrato date DEFAULT NULL,
  paisResidencia int(11) DEFAULT NULL,
  sueldoBase float NOT NULL,
  PRIMARY KEY (idEmp,codCargo) 
);
INSERT INTO laboral VALUES
('2000',3,'2022-10-01',19,3000),
('2001',3,'1990-10-01',80,3000),
('2002',4,'2012-10-01',72,5000),
('2003',3,'2012-10-01',30,3000),
('2004',3,'2023-10-01',53,3000),
('2005',1,'1992-10-01',44,500),
('2006',2,'2023-10-01',28,2000),
('2007',5,'1999-10-01',44,6000),
('2008',1,'2018-10-01',50,500),
('2009',3,'2014-10-01',74,3000),
('2010',3,'2017-10-01',34,3000),
('2011',2,'2023-10-01',33,2000),
('2012',3,'2012-10-01',65,3000),
('2013',4,'2007-10-01',54,5000),
('2014',3,'2008-10-01',55,3000),
('2015',3,'1997-10-01',11,3000),
('2016',1,'2023-10-01',47,500),
('2017',3,'2009-10-01',50,3000),
('2018',1,'2009-10-01',20,500),
('2019',4,'2023-10-01',23,5000),
('2020',2,'2014-10-01',52,2000),
('2021',5,'2021-10-01',18,6000),
('2022',4,'1997-10-01',42,5000),
('2023',1,'2021-10-01',82,500),
('2024',1,'2017-10-01',27,500),
('2025',4,'1993-10-01',25,5000),
('2026',5,'2002-10-01',49,6000),
('2027',1,'2012-10-01',17,500),
('2028',1,'2008-10-01',30,500),
('2029',1,'2007-10-01',27,500),
('2030',1,'1999-10-01',81,500),
('2031',3,'2001-10-01',57,3000),
('2032',1,'2023-10-01',82,500),
('2033',4,'2020-10-01',17,5000),
('2034',1,'2015-10-01',66,500),
('2035',3,'2007-10-01',32,3000),
('2036',5,'2023-10-01',20,6000),
('2037',3,'1998-10-01',26,3000),
('2038',1,'2018-10-01',44,500),
('2039',2,'2012-10-01',27,2000),
('2040',3,'2023-10-01',11,3000),
('2041',2,'2001-10-01',45,2000),
('2042',1,'1994-10-01',17,500),
('2043',2,'2017-10-01',16,2000),
('2044',2,'2005-10-01',39,2000),
('2045',2,'2023-10-01',33,2000),
('2046',5,'2020-10-01',23,6000),
('2047',2,'2006-10-01',10,2000),
('2048',3,'2004-10-01',51,3000),
('2049',1,'2011-10-01',55,500),
('2050',4,'1998-10-01',65,5000),
('2051',4,'2013-10-01',58,5000),
('2052',3,'2019-10-01',32,3000),
('2053',4,'2023-10-01',68,5000),
('2054',4,'2019-10-01',35,5000),
('2055',3,'2006-10-01',24,3000),
('2056',2,'2023-10-01',74,2000),
('2057',1,'2022-10-01',64,500),
('2058',4,'2014-10-01',82,5000),
('2059',1,'2020-10-01',31,500),
('2060',3,'2023-10-01',17,3000),
('2061',1,'2017-10-01',74,500),
('2062',5,'1999-10-01',26,6000),
('2063',2,'2000-10-01',15,2000),
('2064',1,'1994-10-01',27,500),
('2065',4,'2023-10-01',18,5000),
('2066',1,'1995-10-01',15,500),
('2067',3,'1997-10-01',26,3000),
('2068',4,'1998-10-01',14,5000),
('2069',4,'2023-10-01',71,5000),
('2070',3,'2012-10-01',15,3000),
('2071',4,'2023-10-01',74,5000),
('2072',2,'2002-10-01',72,2000),
('2073',1,'2021-10-01',81,500),
('2074',5,'2008-10-01',27,6000),
('2075',2,'2021-10-01',62,2000),
('2076',3,'2001-10-01',39,3000),
('2077',4,'2023-10-01',76,5000),
('2078',5,'2019-10-01',18,6000),
('2079',1,'2023-10-01',73,500),
('2080',1,'2005-10-01',82,500),
('2081',3,'1994-10-01',52,3000),
('2082',5,'2015-10-01',64,6000),
('2083',4,'2005-10-01',10,5000),
('2084',5,'2000-10-01',39,6000),
('2085',3,'2003-10-01',36,3000),
('2086',2,'1997-10-01',56,2000),
('2087',5,'2015-10-01',30,6000),
('2088',5,'2016-10-01',76,6000),
('2089',2,'2023-10-01',22,2000),
('2090',5,'2023-10-01',70,6000),
('2091',5,'2002-10-01',36,6000),
('2092',2,'2000-10-01',32,2000),
('2093',1,'2023-10-01',40,500),
('2094',5,'2001-10-01',72,6000),
('2095',1,'2003-10-01',37,500),
('2096',3,'2018-10-01',72,3000),
('2097',3,'2005-10-01',10,3000),
('2098',2,'2022-10-01',64,2000),
('2099',2,'1994-10-01',10,2000),
('2100',5,'2022-10-01',35,6000),
('2101',5,'2016-10-01',34,6000),
('2102',1,'2023-10-01',12,500),
('2103',5,'2014-10-01',39,6000),
('2104',4,'1998-10-01',14,5000),
('2105',4,'2012-10-01',34,5000),
('2106',2,'2017-10-01',65,2000),
('2107',1,'2003-10-01',25,500),
('2108',1,'2011-10-01',67,500),
('2109',1,'2011-10-01',37,500),
('2110',1,'2006-10-01',41,500),
('2111',5,'2012-10-01',54,6000),
('2112',2,'2004-10-01',68,2000),
('2113',4,'2012-10-01',39,5000),
('2114',2,'2023-10-01',17,2000),
('2115',3,'1996-10-01',26,3000),
('2116',5,'2005-10-01',74,6000),
('2117',5,'2019-10-01',67,6000),
('2118',1,'2020-10-01',31,500),
('2119',5,'2000-10-01',27,6000),
('2120',4,'2023-10-01',32,5000),
('2121',2,'2011-10-01',43,2000),
('2122',3,'2001-10-01',12,3000),
('2123',4,'2003-10-01',31,5000),
('2124',3,'2021-10-01',73,3000),
('2125',4,'2005-10-01',69,5000),
('2126',3,'2023-10-01',72,3000),
('2127',4,'2006-10-01',50,5000),
('2128',2,'2012-10-01',71,2000),
('2129',2,'2002-10-01',65,2000),
('2130',5,'2023-10-01',68,6000),
('2131',1,'2007-10-01',58,500),
('2132',3,'2023-10-01',10,3000),
('2133',5,'2008-10-01',61,6000),
('2134',2,'2000-10-01',38,2000),
('2135',5,'2023-10-01',68,6000),
('2136',2,'2016-10-01',57,2000),
('2137',1,'2023-10-01',51,500),
('2138',1,'2023-10-01',57,500),
('2139',4,'2016-10-01',53,5000),
('2140',5,'2023-10-01',50,6000),
('2141',2,'1998-10-01',62,2000),
('2142',4,'2011-10-01',19,5000),
('2143',2,'2023-10-01',26,2000),
('2144',4,'2008-10-01',81,5000),
('2145',5,'2019-10-01',17,6000),
('2146',1,'2020-10-01',71,500),
('2147',1,'2023-10-01',34,500),
('2148',1,'2017-10-01',63,500),
('2149',2,'2010-10-01',17,2000),
('2150',2,'2023-10-01',33,2000),
('2151',5,'2000-10-01',15,6000),
('2152',1,'2006-10-01',16,500),
('2153',1,'2018-10-01',56,500),
('2154',2,'1996-10-01',54,2000),
('2155',2,'1997-10-01',18,2000),
('2156',1,'1998-10-01',69,500),
('2157',3,'2016-10-01',17,3000),
('2158',2,'2023-10-01',27,2000),
('2159',1,'2015-10-01',54,500),
('2160',3,'2010-10-01',25,3000),
('2161',5,'1997-10-01',39,6000),
('2162',5,'2008-10-01',26,6000),
('2163',4,'2003-10-01',25,5000),
('2164',3,'2017-10-01',13,3000),
('2165',4,'2023-10-01',80,5000),
('2166',4,'2002-10-01',17,5000),
('2167',5,'2023-10-01',15,6000),
('2168',2,'2016-10-01',54,2000),
('2169',3,'2016-10-01',58,3000),
('2170',1,'2003-10-01',76,500),
('2171',2,'2008-10-01',72,2000),
('2172',2,'2008-10-01',59,2000),
('2173',2,'2002-10-01',78,2000),
('2174',5,'1998-10-01',23,6000),
('2175',4,'2000-10-01',61,5000),
('2176',3,'2004-10-01',49,3000),
('2177',1,'1998-10-01',59,500),
('2178',2,'2023-10-01',79,2000),
('2179',4,'2021-10-01',32,5000),
('2180',4,'2023-10-01',80,5000),
('2181',4,'2017-10-01',30,5000),
('2182',1,'2013-10-01',63,500),
('2183',5,'2011-10-01',67,6000),
('2184',4,'1991-10-01',27,5000),
('2185',5,'2008-10-01',59,6000),
('2186',4,'2021-10-01',51,5000),
('2187',5,'2002-10-01',69,6000),
('2188',1,'2023-10-01',20,500),
('2189',5,'2000-10-01',28,6000),
('2190',3,'1995-10-01',81,3000),
('2191',3,'2014-10-01',49,3000),
('2192',5,'2020-10-01',79,6000),
('2193',2,'2022-10-01',76,2000),
('2194',2,'2023-10-01',11,2000),
('2195',1,'1993-10-01',55,500),
('2196',4,'2005-10-01',44,5000),
('2197',3,'2012-10-01',15,3000),
('2198',3,'1995-10-01',24,3000),
('2199',4,'2000-10-01',25,5000),
('2200',3,'2023-10-01',79,3000),
('2201',4,'2023-10-01',57,5000),
('2202',4,'2023-10-01',50,5000),
('2203',4,'1997-10-01',81,5000),
('2204',5,'2020-10-01',24,6000),
('2205',2,'2023-10-01',12,2000),
('2206',2,'2016-10-01',55,2000),
('2207',1,'2018-10-01',15,500),
('2208',4,'2014-10-01',44,5000),
('2209',5,'2015-10-01',19,6000),
('2210',5,'2011-10-01',41,6000),
('2211',1,'2011-10-01',21,500),
('2212',4,'2023-10-01',51,5000),
('2213',5,'2003-10-01',35,6000),
('2214',5,'1996-10-01',47,6000),
('2215',4,'2023-10-01',36,5000),
('2216',4,'2023-10-01',65,5000),
('2217',4,'2015-10-01',53,5000),
('2218',2,'2005-10-01',75,2000),
('2219',2,'2012-10-01',37,2000),
('2220',3,'1993-10-01',71,3000),
('2221',2,'2010-10-01',30,2000),
('2222',1,'1997-10-01',18,500),
('2223',4,'2011-10-01',34,5000),
('2224',5,'2018-10-01',15,6000),
('2225',4,'2010-10-01',32,5000),
('2226',1,'2016-10-01',23,500),
('2227',3,'2011-10-01',76,3000),
('2228',3,'2003-10-01',28,3000),
('2229',1,'2023-10-01',15,500),
('2230',4,'2017-10-01',58,5000),
('2231',3,'2009-10-01',27,3000),
('2232',2,'2023-10-01',58,2000),
('2233',4,'2019-10-01',46,5000),
('2234',3,'1997-10-01',51,3000),
('2235',1,'2023-10-01',82,500),
('2236',5,'2023-10-01',15,6000),
('2237',1,'2023-10-01',82,500),
('2238',5,'2003-10-01',42,6000),
('2239',2,'2005-10-01',33,2000),
('2240',2,'2001-10-01',66,2000),
('2241',4,'1993-10-01',42,5000),
('2242',5,'2012-10-01',31,6000),
('2243',2,'2023-10-01',73,2000),
('2244',1,'2023-10-01',49,500),
('2245',5,'2005-10-01',30,6000),
('2246',2,'2008-10-01',58,2000),
('2247',2,'2016-10-01',70,2000),
('2248',1,'2023-10-01',58,500),
('2249',1,'2023-10-01',38,500),
('2250',2,'2020-10-01',53,2000),
('2251',3,'2018-10-01',69,3000),
('2252',1,'2005-10-01',76,500),
('2253',4,'2003-10-01',23,5000),
('2254',1,'2013-10-01',54,500),
('2255',4,'2015-10-01',10,5000),
('2256',1,'1997-10-01',51,500),
('2257',1,'2012-10-01',51,500),
('2258',2,'2019-10-01',63,2000),
('2259',4,'2023-10-01',14,5000),
('2260',3,'2019-10-01',40,3000),
('2261',3,'1997-10-01',79,3000),
('2262',1,'2000-10-01',47,500),
('2263',1,'2014-10-01',19,500),
('2264',3,'2023-10-01',64,3000),
('2265',4,'2004-10-01',27,5000),
('2266',4,'2022-10-01',80,5000),
('2267',2,'1997-10-01',73,2000),
('2268',2,'2015-10-01',34,2000),
('2269',5,'1997-10-01',71,6000),
('2270',1,'1999-10-01',55,500),
('2271',2,'2023-10-01',41,2000),
('2272',2,'2023-10-01',43,2000),
('2273',3,'2002-10-01',57,3000),
('2274',1,'2023-10-01',48,500),
('2275',3,'2023-10-01',44,3000),
('2276',5,'2007-10-01',75,6000),
('2277',5,'2013-10-01',16,6000),
('2278',1,'2015-10-01',24,500),
('2279',4,'2000-10-01',21,5000),
('2280',5,'2023-10-01',78,6000),
('2281',3,'2017-10-01',14,3000),
('2282',4,'1994-10-01',59,5000),
('2283',3,'2002-10-01',19,3000),
('2284',2,'2013-10-01',35,2000),
('2285',4,'1991-10-01',80,5000),
('2286',2,'2004-10-01',45,2000),
('2287',4,'1997-10-01',51,5000),
('2288',4,'2017-10-01',41,5000),
('2289',1,'1997-10-01',61,500),
('2290',4,'2002-10-01',58,5000),
('2291',4,'2009-10-01',17,5000),
('2292',5,'2005-10-01',80,6000),
('2293',5,'1994-10-01',60,6000),
('2294',1,'1997-10-01',63,500),
('2295',3,'2023-10-01',75,3000),
('2296',5,'2012-10-01',25,6000),
('2297',3,'1997-10-01',71,3000),
('2298',2,'1995-10-01',63,2000),
('2299',2,'2009-10-01',55,2000);


--
-- Estructura de tabla para la tabla 'nivelacademico'
--
DROP TABLE IF EXISTS nivelacademico;
CREATE TABLE IF NOT EXISTS nivelacademico (
  idEmp varchar(10) NOT NULL DEFAULT '',
  codGradoAcademico int(11) NOT NULL DEFAULT '0',
  PRIMARY KEY (idEmp,codGradoAcademico)
);
INSERT INTO nivelacademico VALUES
('2000', 7),
('2001', 5),
('2002', 5),
('2003', 4),
('2004', 1),
('2005', 1),
('2006', 5),
('2007', 3),
('2008', 4),
('2009', 5),
('2010', 6),
('2011', 5),
('2012', 3),
('2013', 7),
('2014', 2),
('2015', 6),
('2016', 6),
('2017', 6),
('2018', 4),
('2019', 2),
('2020', 1),
('2021', 6),
('2022', 7),
('2023', 2),
('2024', 6),
('2025', 6),
('2026', 6),
('2027', 6),
('2028', 5),
('2029', 3),
('2030', 4),
('2031', 6),
('2032', 2),
('2033', 3),
('2034', 3),
('2035', 1),
('2036', 6),
('2037', 4),
('2038', 6),
('2039', 7),
('2040', 4),
('2041', 3),
('2042', 1),
('2043', 1),
('2044', 5),
('2045', 6),
('2046', 3),
('2047', 4),
('2048', 6),
('2049', 4),
('2050', 3),
('2051', 2),
('2052', 4),
('2053', 1),
('2054', 2),
('2055', 3),
('2056', 5),
('2057', 4),
('2058', 3),
('2059', 4),
('2060', 4),
('2061', 2),
('2062', 7),
('2063', 1),
('2064', 6),
('2065', 1),
('2066', 4),
('2067', 5),
('2068', 1),
('2069', 5),
('2070', 2),
('2071', 3),
('2072', 1),
('2073', 1),
('2074', 5),
('2075', 2),
('2076', 1),
('2077', 4),
('2078', 7),
('2079', 2),
('2080', 1),
('2081', 1),
('2082', 5),
('2083', 1),
('2084', 3),
('2085', 3),
('2086', 6),
('2087', 2),
('2088', 6),
('2089', 1),
('2090', 2),
('2091', 1),
('2092', 5),
('2093', 6),
('2094', 5),
('2095', 1),
('2096', 6),
('2097', 5),
('2098', 7),
('2099', 7),
('2100', 5),
('2101', 6),
('2102', 1),
('2103', 6),
('2104', 7),
('2105', 4),
('2106', 6),
('2107', 2),
('2108', 1),
('2109', 1),
('2110', 7),
('2111', 6),
('2112', 6),
('2113', 4),
('2114', 3),
('2115', 7),
('2116', 5),
('2117', 3),
('2118', 7),
('2119', 7),
('2120', 3),
('2121', 4),
('2122', 3),
('2123', 5),
('2124', 2),
('2125', 3),
('2126', 6),
('2127', 1),
('2128', 2),
('2129', 7),
('2130', 6),
('2131', 2),
('2132', 4),
('2133', 6),
('2134', 3),
('2135', 7),
('2136', 1),
('2137', 7),
('2138', 1),
('2139', 2),
('2140', 3),
('2141', 5),
('2142', 2),
('2143', 2),
('2144', 7),
('2145', 7),
('2146', 3),
('2147', 5),
('2148', 2),
('2149', 3),
('2150', 3),
('2151', 5),
('2152', 2),
('2153', 6),
('2154', 7),
('2155', 1),
('2156', 2),
('2157', 6),
('2158', 3),
('2159', 1),
('2160', 7),
('2161', 2),
('2162', 7),
('2163', 2),
('2164', 7),
('2165', 6),
('2166', 7),
('2167', 1),
('2168', 6),
('2169', 1),
('2170', 7),
('2171', 1),
('2172', 7),
('2173', 7),
('2174', 7),
('2175', 4),
('2176', 3),
('2177', 1),
('2178', 5),
('2179', 2),
('2180', 3),
('2181', 1),
('2182', 2),
('2183', 2),
('2184', 5),
('2185', 7),
('2186', 7),
('2187', 3),
('2188', 4),
('2189', 1),
('2190', 2),
('2191', 6),
('2192', 1),
('2193', 3),
('2194', 4),
('2195', 2),
('2196', 4),
('2197', 4),
('2198', 7),
('2199', 1),
('2200', 6),
('2201', 2),
('2202', 1),
('2203', 6),
('2204', 1),
('2205', 2),
('2206', 1),
('2207', 5),
('2208', 2),
('2209', 2),
('2210', 4),
('2211', 5),
('2212', 5),
('2213', 6),
('2214', 3),
('2215', 5),
('2216', 2),
('2217', 1),
('2218', 3),
('2219', 4),
('2220', 3),
('2221', 2),
('2222', 4),
('2223', 3),
('2224', 5),
('2225', 4),
('2226', 4),
('2227', 1),
('2228', 5),
('2229', 1),
('2230', 3),
('2231', 7),
('2232', 1),
('2233', 2),
('2234', 5),
('2235', 3),
('2236', 3),
('2237', 2),
('2238', 4),
('2239', 6),
('2240', 3),
('2241', 2),
('2242', 5),
('2243', 7),
('2244', 3),
('2245', 3),
('2246', 7),
('2247', 7),
('2248', 3),
('2249', 7),
('2250', 1),
('2251', 4),
('2252', 3),
('2253', 2),
('2254', 2),
('2255', 7),
('2256', 4),
('2257', 3),
('2258', 6),
('2259', 6),
('2260', 1),
('2261', 5),
('2262', 1),
('2263', 5),
('2264', 6),
('2265', 1),
('2266', 4),
('2267', 6),
('2268', 2),
('2269', 2),
('2270', 3),
('2271', 5),
('2272', 7),
('2273', 7),
('2274', 1),
('2275', 1),
('2276', 4),
('2277', 6),
('2278', 6),
('2279', 1),
('2280', 6),
('2281', 6),
('2282', 2),
('2283', 3),
('2284', 6),
('2285', 2),
('2286', 2),
('2287', 2),
('2288', 6),
('2289', 1),
('2290', 4),
('2291', 4),
('2292', 7),
('2293', 1),
('2294', 2),
('2295', 2),
('2296', 7),
('2297', 6),
('2298', 6),
('2299', 1);


--
-- Estructura de tabla para la tabla 'pais'
--
DROP TABLE IF EXISTS pais;
CREATE TABLE IF NOT EXISTS pais (
  codPais int(11) NOT NULL DEFAULT 0,
  continente varchar(5) DEFAULT NULL,
  descPais varchar(100) DEFAULT NULL,
  PRIMARY KEY (codPais)
);
INSERT INTO pais VALUES
(10, 'EU', 'ALEMANIA'),
(11, 'EU', 'AUSTRIA'),
(12, 'EU', 'BELGICA'),
(13, 'EU', 'BULGARIA'),
(14, 'EU', 'DINAMARCA'),
(15, 'EU', 'ESPAÑA'),
(16, 'EU', 'FRANCIA'),
(17, 'EU', 'GRECIA'),
(18, 'EU', 'IRLANDA'),
(19, 'EU', 'ITALIA'),
(20, 'EU', 'NORUEGA'),
(21, 'EU', 'POLONIA'),
(22, 'EU', 'PORTUGAL'),
(23, 'EU', 'REINO UNIDO'),
(24, 'EU', 'RUSIA'),
(25, 'EU', 'SUECIA'),
(26, 'EU', 'SUIZA'),
(27, 'EU', 'TURQUIA'),
(28, 'AF', 'ANGOLA'),
(29, 'AF', 'ARGELIA'),
(30, 'AF', 'CAMERUN'),
(31, 'AF', 'COSTA DE MARFIL'),
(32, 'AF', 'EGIPTO'),
(33, 'AF', 'ETIOPIA'),
(34, 'AF', 'GHANA'),
(35, 'AF', 'KENIA'),
(36, 'AF', 'LIBIA'),
(37, 'AF', 'MADAGASCAR'),
(38, 'AF', 'MALAUI'),
(39, 'AF', 'MARRUECOS'),
(40, 'AF', 'MOZAMBIQUE'),
(41, 'AF', 'NAMIBIA'),
(42, 'AF', 'NIGERIA'),
(43, 'AF', 'SUDAFRICA'),
(44, 'AF', 'TANZANIA'),
(45, 'AF', 'TOGO'),
(46, 'AF', 'TUNEZ'),
(47, 'AF', 'ZAMBIA'),
(48, 'AS', 'ARABIA SAUDITA'),
(49, 'AS', 'BUTAN'),
(50, 'AS', 'CAMBOYA'),
(51, 'AS', 'CHINA'),
(52, 'AS', 'CHIPRE'),
(53, 'AS', 'EMIRATOS ARABES UNIDOS'),
(54, 'AS', 'FILIPINAS'),
(55, 'AS', 'INDIA'),
(56, 'AS', 'IRAK'),
(57, 'AS', 'IRAN'),
(58, 'AS', 'ISRAEL'),
(59, 'AS', 'JAPON'),
(60, 'AS', 'LIBANO'),
(61, 'AS', 'NEPAL'),
(62, 'AS', 'RUSIA'),
(63, 'AS', 'SINGAPUR'),
(64, 'AS', 'TAILANDIA'),
(65, 'AS', 'TURQUIA'),
(66, 'AS', 'VIETNAM'),
(67, 'AS', 'YEMEN'),
(68, 'AS', 'ZIMAR'),
(69, 'AM', 'ARGENTINA'),
(70, 'AM', 'BOLIVIA'),
(71, 'AM', 'BRASIL'),
(72, 'AM', 'CANADA'),
(73, 'AM', 'CHILE'),
(74, 'AM', 'COLOMBIA'),
(75, 'AM', 'CUBA'),
(76, 'AM', 'ECUADOR'),
(77, 'AM', 'ESTADOS UNIDOS DE AMERICA'),
(78, 'AM', 'MEXICO'),
(79, 'AM', 'NICARAGUA'),
(80, 'AM', 'PANAMA'),
(81, 'AM', 'PERU'),
(82, 'AM', 'VENEZUELA');


--
-- Estructura de tabla para la tabla 'parentezco'
--
DROP TABLE IF EXISTS parentezco;
CREATE TABLE IF NOT EXISTS parentezco (
  codParentezco int(11) NOT NULL DEFAULT 0,
  descParentezco varchar(100) DEFAULT NULL,
  PRIMARY KEY (codParentezco)
);
INSERT INTO parentezco VALUES
(1,'HIJO'),
(2,'HIJA'),
(3,'PADRE'),
(4,'MADRE'),
(5,'OTROS');
